{
  "1996-97": {
    "la3P": 0.359258305433943,
    "la2P": 0.479860486766009,
    "laFT": 0.739459240316847,
    "laFG": 0.454045223108688,
    "laPTSperM": 0.347123116943781,
    "laASTperM": 0.0642201834862385,
    "laSTLperM": 0.0292184231869211,
    "laBLKperM": 0.0128832592520625,
    "laTOVperM": 0.0582341948128903,
    "laDRBperM": 0.105461767626614,
    "laORBperM": 0.0428109067157995,
    "laPTSperMake": 2.16936712213858,
    "laPTSperPoss": 0.910954957139842,
    "laDRBrate": 0.692578174055004,
    "laORBrate": 0.307421825944996
  },
  "1997-98": {
    "la3P": 0.345595082883218,
    "la2P": 0.470516402280295,
    "laFT": 0.736240053050398,
    "laFG": 0.450404074227711,
    "laPTSperM": 0.344827586206897,
    "laASTperM": 0.0620689655172414,
    "laSTLperM": 0.0315599639314698,
    "laBLKperM": 0.0125,
    "laTOVperM": 0.0586113615870153,
    "laDRBperM": 0.105677579776212,
    "laORBperM": 0.0463215258855586,
    "laPTSperMake": 2.12353528628495,
    "laPTSperPoss": 0.893553549493284,
    "laDRBrate": 0.687235938263444,
    "laORBrate": 0.312764061736556
  },
  "1998-99": {
    "la3P": 0.337114685046908,
    "la2P": 0.456294457906668,
    "laFT": 0.729489154623041,
    "laFG": 0.436090103541173,
    "laPTSperM": 0.336099585062241,
    "laASTperM": 0.0555555555555556,
    "laSTLperM": 0.0303030303030303,
    "laBLKperM": 0.0109489051094891,
    "laTOVperM": 0.0585106382978723,
    "laDRBperM": 0.103351955307263,
    "laORBperM": 0.0436260623229462,
    "laPTSperMake": 2.13105206356295,
    "laPTSperPoss": 0.870791808314914,
    "laDRBrate": 0.699293673506667,
    "laORBrate": 0.300706326493333
  },
  "1999-00": {
    "la3P": 0.352931039434759,
    "la2P": 0.467189616974758,
    "laFT": 0.7493834868113,
    "laFG": 0.447952028628077,
    "laPTSperM": 0.347397396587572,
    "laASTperM": 0.0625,
    "laSTLperM": 0.0292317551870544,
    "laBLKperM": 0.0126767701740506,
    "laTOVperM": 0.0569710674415324,
    "laDRBperM": 0.118221200427884,
    "laORBperM": 0.0433607520564042,
    "laPTSperMake": 2.13265394248208,
    "laPTSperPoss": 0.894510248455555,
    "laDRBrate": 0.711804432783008,
    "laORBrate": 0.288195567216992
  },
  "2000-01": {
    "la3P": 0.35372601002824,
    "la2P": 0.460173679583739,
    "laFT": 0.748081271297092,
    "laFG": 0.441982093786012,
    "laPTSperM": 0.331683168316832,
    "laASTperM": 0.060332541567696,
    "laSTLperM": 0.0292887029288703,
    "laBLKperM": 0.012853470437018,
    "laTOVperM": 0.0550300945829751,
    "laDRBperM": 0.113650594865373,
    "laORBperM": 0.043859649122807,
    "laPTSperMake": 2.13677185006908,
    "laPTSperPoss": 0.88752185263623,
    "laDRBrate": 0.717015655485955,
    "laORBrate": 0.282984344514045
  },
  "2001-02": {
    "la3P": 0.35247762788834,
    "la2P": 0.464805919616206,
    "laFT": 0.751704169424222,
    "laFG": 0.444254379105411,
    "laPTSperM": 0.333333333333333,
    "laASTperM": 0.0611777059269964,
    "laSTLperM": 0.0285714285714286,
    "laBLKperM": 0.0131067109938913,
    "laTOVperM": 0.055251592732421,
    "laDRBperM": 0.113027974808563,
    "laORBperM": 0.0442854419967096,
    "laPTSperMake": 2.1451627098506,
    "laPTSperPoss": 0.896596119719612,
    "laDRBrate": 0.712228601350214,
    "laORBrate": 0.287771398649786
  },
  "2002-03": {
    "la3P": 0.349912970093359,
    "la2P": 0.462395062902804,
    "laFT": 0.758029365445493,
    "laFG": 0.44170216482141,
    "laPTSperM": 0.337209302325581,
    "laASTperM": 0.0636442894507411,
    "laSTLperM": 0.0287660862982589,
    "laBLKperM": 0.0118343195266272,
    "laTOVperM": 0.0570768723193665,
    "laDRBperM": 0.115308804204993,
    "laORBperM": 0.0454545454545455,
    "laPTSperMake": 2.14573653628585,
    "laPTSperPoss": 0.892068781905225,
    "laDRBrate": 0.715603545587446,
    "laORBrate": 0.284396454412554
  },
  "2003-04": {
    "la3P": 0.345595963842758,
    "la2P": 0.458807639188869,
    "laFT": 0.749716360335829,
    "laFG": 0.437523157411113,
    "laPTSperM": 0.333333333333333,
    "laASTperM": 0.0599781897491821,
    "laSTLperM": 0.0304449648711944,
    "laBLKperM": 0.0123367198838897,
    "laTOVperM": 0.0561077268355242,
    "laDRBperM": 0.115765765765766,
    "laORBperM": 0.0426778242677824,
    "laPTSperMake": 2.14850445445615,
    "laPTSperPoss": 0.882645540948493,
    "laDRBrate": 0.714589215329998,
    "laORBrate": 0.285410784670003
  },
  "2004-05": {
    "la3P": 0.355628137083023,
    "la2P": 0.470143434391172,
    "laFT": 0.755462589099602,
    "laFG": 0.447535737145295,
    "laPTSperM": 0.339900665951551,
    "laASTperM": 0.058970305972677,
    "laSTLperM": 0.0284129190465496,
    "laBLKperM": 0.0121951219512195,
    "laTOVperM": 0.0543516133919103,
    "laDRBperM": 0.110910114166265,
    "laORBperM": 0.0432337215098101,
    "laPTSperMake": 2.15687770150013,
    "laPTSperPoss": 0.912666737223463,
    "laDRBrate": 0.713092530252024,
    "laORBrate": 0.286907469747976
  },
  "2005-06": {
    "la3P": 0.357636676812723,
    "la2P": 0.478748378141879,
    "laFT": 0.746194644474149,
    "laFG": 0.454081485539633,
    "laPTSperM": 0.343816716567186,
    "laASTperM": 0.056509131586881,
    "laSTLperM": 0.0257292649194785,
    "laBLKperM": 0.0105209326128426,
    "laTOVperM": 0.0535394087098424,
    "laDRBperM": 0.118003798516598,
    "laORBperM": 0.0380405475602697,
    "laPTSperMake": 2.16041190415714,
    "laPTSperPoss": 0.922998172373643,
    "laDRBrate": 0.728095948688955,
    "laORBrate": 0.271904051311045
  },
  "2006-07": {
    "la3P": 0.35763491529227,
    "la2P": 0.484487981239007,
    "laFT": 0.751622306531706,
    "laFG": 0.457349418412071,
    "laPTSperM": 0.352408418198156,
    "laASTperM": 0.0569611696928101,
    "laSTLperM": 0.0266143291551201,
    "laBLKperM": 0.0101187030773167,
    "laTOVperM": 0.0555555555555556,
    "laDRBperM": 0.111620703326949,
    "laORBperM": 0.039691429947026,
    "laPTSperMake": 2.16729295685945,
    "laPTSperPoss": 0.924939316313938,
    "laDRBrate": 0.729172867986308,
    "laORBrate": 0.270827132013693
  },
  "2007-08": {
    "la3P": 0.361199301949076,
    "la2P": 0.483619372917844,
    "laFT": 0.755295403817246,
    "laFG": 0.456393350634776,
    "laPTSperM": 0.358855375096674,
    "laASTperM": 0.0583140877598152,
    "laSTLperM": 0.0264519838987924,
    "laBLKperM": 0.011611030478955,
    "laTOVperM": 0.05,
    "laDRBperM": 0.116883116883117,
    "laORBperM": 0.0377612946729602,
    "laPTSperMake": 2.17601073748489,
    "laPTSperPoss": 0.934171069687025,
    "laDRBrate": 0.732859319451498,
    "laORBrate": 0.267140680548502
  },
  "2008-09": {
    "la3P": 0.366075346329844,
    "la2P": 0.485109956309557,
    "laFT": 0.770007805684375,
    "laFG": 0.458262840662215,
    "laPTSperM": 0.353004778507255,
    "laASTperM": 0.0546205084904775,
    "laSTLperM": 0.0265210895299391,
    "laBLKperM": 0.0127137886974861,
    "laTOVperM": 0.0521316759502712,
    "laDRBperM": 0.112010206424043,
    "laORBperM": 0.037295182196136,
    "laPTSperMake": 2.18016906275066,
    "laPTSperPoss": 0.941969931006604,
    "laDRBrate": 0.733826162393636,
    "laORBrate": 0.266173837606364
  },
  "2009-10": {
    "la3P": 0.354231252618349,
    "la2P": 0.491527465709277,
    "laFT": 0.758422806368012,
    "laFG": 0.460862608598015,
    "laPTSperM": 0.369960774134002,
    "laASTperM": 0.0584865293266768,
    "laSTLperM": 0.0263783653396238,
    "laBLKperM": 0.0129504780333276,
    "laTOVperM": 0.0517241379310345,
    "laDRBperM": 0.113278111904814,
    "laORBperM": 0.0374415712608207,
    "laPTSperMake": 2.17167133633817,
    "laPTSperPoss": 0.939581951572911,
    "laDRBrate": 0.737382612993575,
    "laORBrate": 0.262617387006425
  },
  "2010-11": {
    "la3P": 0.357407603515832,
    "la2P": 0.486028004554374,
    "laFT": 0.764125196887232,
    "laFG": 0.457427318667552,
    "laPTSperM": 0.362010484119642,
    "laASTperM": 0.0570868835126563,
    "laSTLperM": 0.0274041543931385,
    "laBLKperM": 0.0137458667926311,
    "laTOVperM": 0.0507229597612432,
    "laDRBperM": 0.114927905004241,